id;title;description
1;Handmade Cotton Table CSS;Mayotte Dynamic SAS
2;digital forecast Bahrain;Principal Baht radical
3;Configuration mobile intuitive;Center
4;Georgia generate;Designer calculating
5;Overpass toolset;architectures synthesizing Industrial
6;Cotton Representative software;Bedfordshire calculating Toys
7;connecting;Games
8;Personal Loan Account bleeding-edge payment;markets
9;ivory Mouse;programming Licensed Plastic Bacon Consultant
10;Berkshire Developer orchestrate;online withdrawal payment
